{
    "name": "shape",
    "roles": [
        "shape"
    ],
    "lookups": [
        "free-text",
        "keywords"
    ],
    "keywords": [
        {
            "keyword": "cube",
            "synonyms": [
                "cube"
            ]
        },
        {
            "keyword": "cylinder",
            "synonyms": [
                "cylinder"
            ]
        },
        {
            "keyword": "sphere",
            "synonyms": [
                "smear",
                "spear",
                "sphere",
                "steer",
                "stir"
            ]
        }
    ]
}
