{
    "name": "action",
    "roles": [
        "action"
    ],
    "lookups": [
        "free-text",
        "keywords"
    ],
    "keywords": [
        {
            "keyword": "move",
            "synonyms": [
                "move"
            ]
        },
        {
            "keyword": "rotate",
            "synonyms": [
                "rotate"
            ]
        },
        {
            "keyword": "scale",
            "synonyms": [
                "scale"
            ]
        }
    ]
}
