{
    "utterances": [
        {
            "text": "hey valem",
            "entities": [],
            "traits": [],
            "intent": "wake_word"
        },
        {
            "text": "move the cube",
            "entities": [
                {
                    "entity": "action:action",
                    "start": 0,
                    "end": 4,
                    "body": "move",
                    "entities": []
                },
                {
                    "entity": "shape:shape",
                    "start": 9,
                    "end": 13,
                    "body": "cube",
                    "entities": []
                }
            ],
            "traits": [],
            "intent": "triggeranimation"
        },
        {
            "text": "ok valem",
            "entities": [],
            "traits": [],
            "intent": "wake_word"
        },
        {
            "text": "rotate the sphere",
            "entities": [
                {
                    "entity": "action:action",
                    "start": 0,
                    "end": 6,
                    "body": "rotate",
                    "entities": []
                },
                {
                    "entity": "shape:shape",
                    "start": 11,
                    "end": 17,
                    "body": "sphere",
                    "entities": []
                }
            ],
            "traits": [],
            "intent": "triggeranimation"
        },
        {
            "text": "scale the cylinder",
            "entities": [
                {
                    "entity": "action:action",
                    "start": 0,
                    "end": 5,
                    "body": "scale",
                    "entities": []
                },
                {
                    "entity": "shape:shape",
                    "start": 10,
                    "end": 18,
                    "body": "cylinder",
                    "entities": []
                }
            ],
            "traits": [],
            "intent": "triggeranimation"
        },
        {
            "text": "scale the sphere",
            "entities": [
                {
                    "entity": "action:action",
                    "start": 0,
                    "end": 5,
                    "body": "scale",
                    "entities": []
                },
                {
                    "entity": "shape:shape",
                    "start": 10,
                    "end": 16,
                    "body": "sphere",
                    "entities": []
                }
            ],
            "traits": [],
            "intent": "triggeranimation"
        }
    ]
}
